-- Seed: roxys-orgel D1 (MusicBrainz enriched)
-- 3 albums, 2 artists, 96 songs

DELETE FROM lyrics;
DELETE FROM songs;
DELETE FROM albums;
DELETE FROM artists;

-- Artists
INSERT INTO artists (id, name, created_at) VALUES ('ar-oohara', '大原ゆい子', 1784443819);
INSERT INTO artists (id, name, created_at) VALUES ('ar-fujisawa', '藤澤慶昌', 1784443819);

-- Albums (cover_key stores Cover Art Archive URL directly)
INSERT INTO albums (id, title, artist_id, release_year, cover_key, created_at) VALUES ('al-theme', 'TVアニメ『無職転生~異世界行ったら本気だす~』Theme Song Collection', 'ar-oohara', 2022, 'https://coverartarchive.org/release/47abf02c-74d4-40ef-a0cf-a9c6372c6418/front-500', 1784443819);
INSERT INTO albums (id, title, artist_id, release_year, cover_key, created_at) VALUES ('al-ost1', '無職転生 オリジナル・サウンドトラック 1', 'ar-fujisawa', 2021, 'https://coverartarchive.org/release-group/b241be51-9de5-4d57-8230-7720a5c017c7/front-500', 1784443819);
INSERT INTO albums (id, title, artist_id, release_year, cover_key, created_at) VALUES ('al-ost2', '無職転生 オリジナル・サウンドトラック 2', 'ar-fujisawa', 2021, 'https://coverartarchive.org/release/ef17bb20-9ffc-463b-b329-d73a078a9810/front-500', 1784443819);

-- Songs
-- 無職転生 オリジナル・サウンドトラック 1
INSERT INTO songs (id, title, artist_id, album_id, track_number, duration, r2_key, created_at) VALUES ('s-001', '魔術の授業', 'ar-fujisawa', 'al-ost1', 1, 114, 'S1/无职转生OST1 BD1同捆版&配信版 整合版/『無職転生 ～異世界行ったら本気だす～』 オリジナル・サウンドトラック 1/01. 魔術の授業.flac', 1784443819);
INSERT INTO songs (id, title, artist_id, album_id, track_number, duration, r2_key, created_at) VALUES ('s-002', '魔法が存在する世界で', 'ar-fujisawa', 'al-ost1', 2, 131, 'S1/无职转生OST1 BD1同捆版&配信版 整合版/『無職転生 ～異世界行ったら本気だす～』 オリジナル・サウンドトラック 1/02. 魔法が存在する世界で.flac', 1784443819);
INSERT INTO songs (id, title, artist_id, album_id, track_number, duration, r2_key, created_at) VALUES ('s-003', '詠唱', 'ar-fujisawa', 'al-ost1', 3, 103, 'S1/无职转生OST1 BD1同捆版&配信版 整合版/『無職転生 ～異世界行ったら本気だす～』 オリジナル・サウンドトラック 1/03. 詠唱.flac', 1784443819);
INSERT INTO songs (id, title, artist_id, album_id, track_number, duration, r2_key, created_at) VALUES ('s-004', 'ルディの失態', 'ar-fujisawa', 'al-ost1', 4, 100, 'S1/无职转生OST1 BD1同捆版&配信版 整合版/『無職転生 ～異世界行ったら本気だす～』 オリジナル・サウンドトラック 1/04. ルディの失態.flac', 1784443819);
INSERT INTO songs (id, title, artist_id, album_id, track_number, duration, r2_key, created_at) VALUES ('s-005', '小さい家庭教師ロキシー', 'ar-fujisawa', 'al-ost1', 5, 101, 'S1/无职转生OST1 BD1同捆版&配信版 整合版/『無職転生 ～異世界行ったら本気だす～』 オリジナル・サウンドトラック 1/05. 小さい家庭教師“ロキシー”.flac', 1784443819);
INSERT INTO songs (id, title, artist_id, album_id, track_number, duration, r2_key, created_at) VALUES ('s-006', 'ロキシーの訓練', 'ar-fujisawa', 'al-ost1', 6, 100, 'S1/无职转生OST1 BD1同捆版&配信版 整合版/『無職転生 ～異世界行ったら本気だす～』 オリジナル・サウンドトラック 1/06. ロキシーの訓練.flac', 1784443819);
INSERT INTO songs (id, title, artist_id, album_id, track_number, duration, r2_key, created_at) VALUES ('s-007', '無職転生', 'ar-fujisawa', 'al-ost1', 7, 137, 'S1/无职转生OST1 BD1同捆版&配信版 整合版/『無職転生 ～異世界行ったら本気だす～』 オリジナル・サウンドトラック 1/07. 無職転生.flac', 1784443819);
INSERT INTO songs (id, title, artist_id, album_id, track_number, duration, r2_key, created_at) VALUES ('s-008', '5歳のお祝い', 'ar-fujisawa', 'al-ost1', 8, 101, 'S1/无职转生OST1 BD1同捆版&配信版 整合版/『無職転生 ～異世界行ったら本気だす～』 オリジナル・サウンドトラック 1/08. 5歳のお祝い.flac', 1784443819);
INSERT INTO songs (id, title, artist_id, album_id, track_number, duration, r2_key, created_at) VALUES ('s-009', 'ルディのナイスガイスキル', 'ar-fujisawa', 'al-ost1', 9, 119, 'S1/无职转生OST1 BD1同捆版&配信版 整合版/『無職転生 ～異世界行ったら本気だす～』 オリジナル・サウンドトラック 1/09. ルディのナイスガイスキル.flac', 1784443819);
INSERT INTO songs (id, title, artist_id, album_id, track_number, duration, r2_key, created_at) VALUES ('s-010', 'まだ見ぬ世界', 'ar-fujisawa', 'al-ost1', 10, 119, 'S1/无职转生OST1 BD1同捆版&配信版 整合版/『無職転生 ～異世界行ったら本気だす～』 オリジナル・サウンドトラック 1/10. まだ見ぬ世界.flac', 1784443819);
INSERT INTO songs (id, title, artist_id, album_id, track_number, duration, r2_key, created_at) VALUES ('s-011', 'ロキシーからの贈り物', 'ar-fujisawa', 'al-ost1', 11, 145, 'S1/无职转生OST1 BD1同捆版&配信版 整合版/『無職転生 ～異世界行ったら本気だす～』 オリジナル・サウンドトラック 1/11. ロキシーからの贈り物.flac', 1784443819);
INSERT INTO songs (id, title, artist_id, album_id, track_number, duration, r2_key, created_at) VALUES ('s-012', '外には絶望', 'ar-fujisawa', 'al-ost1', 12, 133, 'S1/无职转生OST1 BD1同捆版&配信版 整合版/『無職転生 ～異世界行ったら本気だす～』 オリジナル・サウンドトラック 1/12. 外には絶望.flac', 1784443819);
INSERT INTO songs (id, title, artist_id, album_id, track_number, duration, r2_key, created_at) VALUES ('s-013', 'ロキシー最後の授業', 'ar-fujisawa', 'al-ost1', 13, 105, 'S1/无职转生OST1 BD1同捆版&配信版 整合版/『無職転生 ～異世界行ったら本気だす～』 オリジナル・サウンドトラック 1/13. ロキシー最後の授業.flac', 1784443819);
INSERT INTO songs (id, title, artist_id, album_id, track_number, duration, r2_key, created_at) VALUES ('s-014', '師匠のお守り', 'ar-fujisawa', 'al-ost1', 14, 135, 'S1/无职转生OST1 BD1同捆版&配信版 整合版/『無職転生 ～異世界行ったら本気だす～』 オリジナル・サウンドトラック 1/14. 師匠のお守り.flac', 1784443819);
INSERT INTO songs (id, title, artist_id, album_id, track_number, duration, r2_key, created_at) VALUES ('s-015', 'グレイラット家の日々', 'ar-fujisawa', 'al-ost1', 15, 93, 'S1/无职转生OST1 BD1同捆版&配信版 整合版/『無職転生 ～異世界行ったら本気だす～』 オリジナル・サウンドトラック 1/15. グレイラット家の日々.flac', 1784443819);
INSERT INTO songs (id, title, artist_id, album_id, track_number, duration, r2_key, created_at) VALUES ('s-016', '友達', 'ar-fujisawa', 'al-ost1', 16, 96, 'S1/无职转生OST1 BD1同捆版&配信版 整合版/『無職転生 ～異世界行ったら本気だす～』 オリジナル・サウンドトラック 1/16. 友達.flac', 1784443819);
INSERT INTO songs (id, title, artist_id, album_id, track_number, duration, r2_key, created_at) VALUES ('s-017', '思わぬ現実', 'ar-fujisawa', 'al-ost1', 17, 138, 'S1/无职转生OST1 BD1同捆版&配信版 整合版/『無職転生 ～異世界行ったら本気だす～』 オリジナル・サウンドトラック 1/17. 思わぬ現実.flac', 1784443819);
INSERT INTO songs (id, title, artist_id, album_id, track_number, duration, r2_key, created_at) VALUES ('s-018', 'シルフに教える魔術', 'ar-fujisawa', 'al-ost1', 18, 96, 'S1/无职转生OST1 BD1同捆版&配信版 整合版/『無職転生 ～異世界行ったら本気だす～』 オリジナル・サウンドトラック 1/18. シルフに教える魔術.flac', 1784443819);
INSERT INTO songs (id, title, artist_id, album_id, track_number, duration, r2_key, created_at) VALUES ('s-019', 'シルフィの涙', 'ar-fujisawa', 'al-ost1', 19, 132, 'S1/无职转生OST1 BD1同捆版&配信版 整合版/『無職転生 ～異世界行ったら本気だす～』 オリジナル・サウンドトラック 1/19. シルフィの涙.flac', 1784443819);
INSERT INTO songs (id, title, artist_id, album_id, track_number, duration, r2_key, created_at) VALUES ('s-020', 'ロキシーからの手紙', 'ar-fujisawa', 'al-ost1', 20, 106, 'S1/无职转生OST1 BD1同捆版&配信版 整合版/『無職転生 ～異世界行ったら本気だす～』 オリジナル・サウンドトラック 1/20. ロキシーからの手紙.flac', 1784443819);
INSERT INTO songs (id, title, artist_id, album_id, track_number, duration, r2_key, created_at) VALUES ('s-021', 'オンリー(アコースティックVer.)', 'ar-fujisawa', 'al-ost1', 21, 113, 'S1/无职转生OST1 BD1同捆版&配信版 整合版/『無職転生 ～異世界行ったら本気だす～』 オリジナル・サウンドトラック 1/21. オンリー (アコースティックVer.).flac', 1784443819);
INSERT INTO songs (id, title, artist_id, album_id, track_number, duration, r2_key, created_at) VALUES ('s-022', 'ギレーヌ登場', 'ar-fujisawa', 'al-ost1', 22, 108, 'S1/无职转生OST1 BD1同捆版&配信版 整合版/『無職転生 ～異世界行ったら本気だす～』 オリジナル・サウンドトラック 1/22. ギレーヌ登場.flac', 1784443819);
INSERT INTO songs (id, title, artist_id, album_id, track_number, duration, r2_key, created_at) VALUES ('s-023', 'パウロ VS ルディ', 'ar-fujisawa', 'al-ost1', 23, 135, 'S1/无职转生OST1 BD1同捆版&配信版 整合版/『無職転生 ～異世界行ったら本気だす～』 オリジナル・サウンドトラック 1/23. バウロ VS ルディ.flac', 1784443819);
INSERT INTO songs (id, title, artist_id, album_id, track_number, duration, r2_key, created_at) VALUES ('s-024', 'ボレアス家', 'ar-fujisawa', 'al-ost1', 24, 116, 'S1/无职转生OST1 BD1同捆版&配信版 整合版/『無職転生 ～異世界行ったら本気だす～』 オリジナル・サウンドトラック 1/24. ボレアス家.flac', 1784443819);
INSERT INTO songs (id, title, artist_id, album_id, track_number, duration, r2_key, created_at) VALUES ('s-025', 'エリス怒る', 'ar-fujisawa', 'al-ost1', 25, 94, 'S1/无职转生OST1 BD1同捆版&配信版 整合版/『無職転生 ～異世界行ったら本気だす～』 オリジナル・サウンドトラック 1/25. エリス怒る.flac', 1784443819);
INSERT INTO songs (id, title, artist_id, album_id, track_number, duration, r2_key, created_at) VALUES ('s-026', '金でデレは買えない', 'ar-fujisawa', 'al-ost1', 26, 154, 'S1/无职转生OST1 BD1同捆版&配信版 整合版/『無職転生 ～異世界行ったら本気だす～』 オリジナル・サウンドトラック 1/26. 金でデレは買えない.flac', 1784443819);
INSERT INTO songs (id, title, artist_id, album_id, track_number, duration, r2_key, created_at) VALUES ('s-027', 'サウロス登場', 'ar-fujisawa', 'al-ost1', 27, 108, 'S1/无职转生OST1 BD1同捆版&配信版 整合版/『無職転生 ～異世界行ったら本気だす～』 オリジナル・サウンドトラック 1/27. サウロス登場.flac', 1784443819);
INSERT INTO songs (id, title, artist_id, album_id, track_number, duration, r2_key, created_at) VALUES ('s-028', 'ギレーヌの誘導', 'ar-fujisawa', 'al-ost1', 28, 123, 'S1/无职转生OST1 BD1同捆版&配信版 整合版/『無職転生 ～異世界行ったら本気だす～』 オリジナル・サウンドトラック 1/28. ギレーヌの誘導.flac', 1784443819);
INSERT INTO songs (id, title, artist_id, album_id, track_number, duration, r2_key, created_at) VALUES ('s-029', '剣術指導', 'ar-fujisawa', 'al-ost1', 29, 120, 'S1/无职转生OST1 BD1同捆版&配信版 整合版/『無職転生 ～異世界行ったら本気だす～』 オリジナル・サウンドトラック 1/29. 剣術指導.flac', 1784443819);
INSERT INTO songs (id, title, artist_id, album_id, track_number, duration, r2_key, created_at) VALUES ('s-030', 'ボレアス邸の一日', 'ar-fujisawa', 'al-ost1', 30, 117, 'S1/无职转生OST1 BD1同捆版&配信版 整合版/『無職転生 ～異世界行ったら本気だす～』 オリジナル・サウンドトラック 1/30. ボレアス邸の一日.flac', 1784443819);
INSERT INTO songs (id, title, artist_id, album_id, track_number, duration, r2_key, created_at) VALUES ('s-031', '10歳の宴', 'ar-fujisawa', 'al-ost1', 31, 113, 'S1/无职转生OST1 BD1同捆版&配信版 整合版/『無職転生 ～異世界行ったら本気だす～』 オリジナル・サウンドトラック 1/31. 10歳の宴.flac', 1784443819);
INSERT INTO songs (id, title, artist_id, album_id, track_number, duration, r2_key, created_at) VALUES ('s-032', '魔法を使わないダンス', 'ar-fujisawa', 'al-ost1', 32, 210, 'S1/无职转生OST1 BD1同捆版&配信版 整合版/『無職転生 ～異世界行ったら本気だす～』 オリジナル・サウンドトラック 1/32. 魔法を使わないダンス.flac', 1784443819);
INSERT INTO songs (id, title, artist_id, album_id, track_number, duration, r2_key, created_at) VALUES ('s-033', '5年後の約束!', 'ar-fujisawa', 'al-ost1', 33, 106, 'S1/无职转生OST1 BD1同捆版&配信版 整合版/『無職転生 ～異世界行ったら本気だす～』 オリジナル・サウンドトラック 1/33. 5年後の約束！.flac', 1784443819);
INSERT INTO songs (id, title, artist_id, album_id, track_number, duration, r2_key, created_at) VALUES ('s-034', 'ヒトガミの助言', 'ar-fujisawa', 'al-ost1', 34, 141, 'S1/无职转生OST1 BD1同捆版&配信版 整合版/『無職転生 ～異世界行ったら本気だす～』 オリジナル・サウンドトラック 1/34. ヒトガミの助言.flac', 1784443819);
INSERT INTO songs (id, title, artist_id, album_id, track_number, duration, r2_key, created_at) VALUES ('s-035', 'ルイジェルド', 'ar-fujisawa', 'al-ost1', 35, 128, 'S1/无职转生OST1 BD1同捆版&配信版 整合版/『無職転生 ～異世界行ったら本気だす～』 オリジナル・サウンドトラック 1/35. ルイジェルド.flac', 1784443819);
INSERT INTO songs (id, title, artist_id, album_id, track_number, duration, r2_key, created_at) VALUES ('s-036', 'ノコパラの陰謀', 'ar-fujisawa', 'al-ost1', 36, 112, 'S1/无职转生OST1 BD1同捆版&配信版 整合版/『無職転生 ～異世界行ったら本気だす～』 オリジナル・サウンドトラック 1/36. ノコパラの陰謀.flac', 1784443819);
INSERT INTO songs (id, title, artist_id, album_id, track_number, duration, r2_key, created_at) VALUES ('s-037', '旅人の唄(アコースティックVer.)', 'ar-fujisawa', 'al-ost1', 37, 118, 'S1/无职转生OST1 BD1同捆版&配信版 整合版/『無職転生 ～異世界行ったら本気だす～』 オリジナル・サウンドトラック 1/37. 旅人の唄 (アコースティックVer.).flac', 1784443819);
INSERT INTO songs (id, title, artist_id, album_id, track_number, duration, r2_key, created_at) VALUES ('s-038', 'ギレーヌと二人きり', 'ar-fujisawa', 'al-ost1', 101, NULL, 'S1/无职转生OST1 BD1同捆版&配信版 整合版/『無職転生 ～異世界行ったら本気だす～』 オリジナル・サウンドトラック 1/配信限定 01.ギレーヌと二人きり.flac', 1784443819);
INSERT INTO songs (id, title, artist_id, album_id, track_number, duration, r2_key, created_at) VALUES ('s-039', 'エリスの笑顔', 'ar-fujisawa', 'al-ost1', 102, NULL, 'S1/无职转生OST1 BD1同捆版&配信版 整合版/『無職転生 ～異世界行ったら本気だす～』 オリジナル・サウンドトラック 1/配信限定 02.エリスの笑顔.flac', 1784443819);
INSERT INTO songs (id, title, artist_id, album_id, track_number, duration, r2_key, created_at) VALUES ('s-040', 'お願いにゃん', 'ar-fujisawa', 'al-ost1', 103, NULL, 'S1/无职转生OST1 BD1同捆版&配信版 整合版/『無職転生 ～異世界行ったら本気だす～』 オリジナル・サウンドトラック 1/配信限定 03.お願いにゃん.flac', 1784443819);
INSERT INTO songs (id, title, artist_id, album_id, track_number, duration, r2_key, created_at) VALUES ('s-041', '大切な仲間', 'ar-fujisawa', 'al-ost1', 104, NULL, 'S1/无职转生OST1 BD1同捆版&配信版 整合版/『無職転生 ～異世界行ったら本気だす～』 オリジナル・サウンドトラック 1/配信限定 04.大切な仲間.flac', 1784443819);

-- 無職転生 オリジナル・サウンドトラック 2
INSERT INTO songs (id, title, artist_id, album_id, track_number, duration, r2_key, created_at) VALUES ('s-042', '冒険', 'ar-fujisawa', 'al-ost2', 1, NULL, 'S1/无职转生OST2 BD3同捆版&配信版 整合版/『無職転生 ～異世界行ったら本気だす～』 オリジナル・サウンドトラック 2/01.心の奥底.flac', 1784443819);
INSERT INTO songs (id, title, artist_id, album_id, track_number, duration, r2_key, created_at) VALUES ('s-043', '思考', 'ar-fujisawa', 'al-ost2', 2, NULL, 'S1/无职转生OST2 BD3同捆版&配信版 整合版/『無職転生 ～異世界行ったら本気だす～』 オリジナル・サウンドトラック 2/02.もう大丈夫.flac', 1784443819);
INSERT INTO songs (id, title, artist_id, album_id, track_number, duration, r2_key, created_at) VALUES ('s-044', '駆け引き', 'ar-fujisawa', 'al-ost2', 3, NULL, 'S1/无职转生OST2 BD3同捆版&配信版 整合版/『無職転生 ～異世界行ったら本気だす～』 オリジナル・サウンドトラック 2/03.格式ある家系.flac', 1784443819);
INSERT INTO songs (id, title, artist_id, album_id, track_number, duration, r2_key, created_at) VALUES ('s-045', 'いたずら', 'ar-fujisawa', 'al-ost2', 4, NULL, 'S1/无职转生OST2 BD3同捆版&配信版 整合版/『無職転生 ～異世界行ったら本気だす～』 オリジナル・サウンドトラック 2/04.計略.flac', 1784443819);
INSERT INTO songs (id, title, artist_id, album_id, track_number, duration, r2_key, created_at) VALUES ('s-046', 'まずい状況', 'ar-fujisawa', 'al-ost2', 5, NULL, 'S1/无职转生OST2 BD3同捆版&配信版 整合版/『無職転生 ～異世界行ったら本気だす～』 オリジナル・サウンドトラック 2/05.目的.flac', 1784443819);
INSERT INTO songs (id, title, artist_id, album_id, track_number, duration, r2_key, created_at) VALUES ('s-047', '魔力が集まる場所', 'ar-fujisawa', 'al-ost2', 6, NULL, 'S1/无职转生OST2 BD3同捆版&配信版 整合版/『無職転生 ～異世界行ったら本気だす～』 オリジナル・サウンドトラック 2/06.したごころ.flac', 1784443819);
INSERT INTO songs (id, title, artist_id, album_id, track_number, duration, r2_key, created_at) VALUES ('s-048', 'ルイジェルドの怒り', 'ar-fujisawa', 'al-ost2', 7, NULL, 'S1/无职转生OST2 BD3同捆版&配信版 整合版/『無職転生 ～異世界行ったら本気だす～』 オリジナル・サウンドトラック 2/07.陽気な日.flac', 1784443819);
INSERT INTO songs (id, title, artist_id, album_id, track_number, duration, r2_key, created_at) VALUES ('s-049', '掌の上', 'ar-fujisawa', 'al-ost2', 8, NULL, 'S1/无职转生OST2 BD3同捆版&配信版 整合版/『無職転生 ～異世界行ったら本気だす～』 オリジナル・サウンドトラック 2/08.額の目.flac', 1784443819);
INSERT INTO songs (id, title, artist_id, album_id, track_number, duration, r2_key, created_at) VALUES ('s-050', 'トーナとエリスの別れ', 'ar-fujisawa', 'al-ost2', 9, NULL, 'S1/无职转生OST2 BD3同捆版&配信版 整合版/『無職転生 ～異世界行ったら本気だす～』 オリジナル・サウンドトラック 2/09.知っていること.flac', 1784443819);
INSERT INTO songs (id, title, artist_id, album_id, track_number, duration, r2_key, created_at) VALUES ('s-051', 'ミリス神聖国', 'ar-fujisawa', 'al-ost2', 10, NULL, 'S1/无职转生OST2 BD3同捆版&配信版 整合版/『無職転生 ～異世界行ったら本気だす～』 オリジナル・サウンドトラック 2/10.たくらみ.flac', 1784443819);
INSERT INTO songs (id, title, artist_id, album_id, track_number, duration, r2_key, created_at) VALUES ('s-052', '初めての海', 'ar-fujisawa', 'al-ost2', 11, NULL, 'S1/无职转生OST2 BD3同捆版&配信版 整合版/『無職転生 ～異世界行ったら本気だす～』 オリジナル・サウンドトラック 2/11.アジト.flac', 1784443819);
INSERT INTO songs (id, title, artist_id, album_id, track_number, duration, r2_key, created_at) VALUES ('s-053', '魔界大帝キシリカ・キシリス!?', 'ar-fujisawa', 'al-ost2', 12, NULL, 'S1/无职转生OST2 BD3同捆版&配信版 整合版/『無職転生 ～異世界行ったら本気だす～』 オリジナル・サウンドトラック 2/12.虚無の世界.flac', 1784443819);
INSERT INTO songs (id, title, artist_id, album_id, track_number, duration, r2_key, created_at) VALUES ('s-054', 'ギレーヌのこと', 'ar-fujisawa', 'al-ost2', 13, NULL, 'S1/无职转生OST2 BD3同捆版&配信版 整合版/『無職転生 ～異世界行ったら本気だす～』 オリジナル・サウンドトラック 2/13.アイシャ.flac', 1784443819);
INSERT INTO songs (id, title, artist_id, album_id, track_number, duration, r2_key, created_at) VALUES ('s-055', '信頼を得る為に', 'ar-fujisawa', 'al-ost2', 14, NULL, 'S1/无职转生OST2 BD3同捆版&配信版 整合版/『無職転生 ～異世界行ったら本気だす～』 オリジナル・サウンドトラック 2/14.初めての海.flac', 1784443819);
INSERT INTO songs (id, title, artist_id, album_id, track_number, duration, r2_key, created_at) VALUES ('s-056', 'ウェンポート', 'ar-fujisawa', 'al-ost2', 15, NULL, 'S1/无职转生OST2 BD3同捆版&配信版 整合版/『無職転生 ～異世界行ったら本気だす～』 オリジナル・サウンドトラック 2/15.魔界大帝キシリカ・キシリス!_.flac', 1784443819);
INSERT INTO songs (id, title, artist_id, album_id, track_number, duration, r2_key, created_at) VALUES ('s-057', '密輸組織', 'ar-fujisawa', 'al-ost2', 16, NULL, 'S1/无职转生OST2 BD3同捆版&配信版 整合版/『無職転生 ～異世界行ったら本気だす～』 オリジナル・サウンドトラック 2/16.ギレーヌのこと.flac', 1784443819);
INSERT INTO songs (id, title, artist_id, album_id, track_number, duration, r2_key, created_at) VALUES ('s-058', '作戦会議', 'ar-fujisawa', 'al-ost2', 17, NULL, 'S1/无职转生OST2 BD3同捆版&配信版 整合版/『無職転生 ～異世界行ったら本気だす～』 オリジナル・サウンドトラック 2/17.信頼を得る為に.flac', 1784443819);
INSERT INTO songs (id, title, artist_id, album_id, track_number, duration, r2_key, created_at) VALUES ('s-059', '笑顔の力', 'ar-fujisawa', 'al-ost2', 18, NULL, 'S1/无职转生OST2 BD3同捆版&配信版 整合版/『無職転生 ～異世界行ったら本気だす～』 オリジナル・サウンドトラック 2/18.ウェインポート.flac', 1784443819);
INSERT INTO songs (id, title, artist_id, album_id, track_number, duration, r2_key, created_at) VALUES ('s-060', '快適な牢屋', 'ar-fujisawa', 'al-ost2', 19, NULL, 'S1/无职转生OST2 BD3同捆版&配信版 整合版/『無職転生 ～異世界行ったら本気だす～』 オリジナル・サウンドトラック 2/19.密輸組織.flac', 1784443819);
INSERT INTO songs (id, title, artist_id, album_id, track_number, duration, r2_key, created_at) VALUES ('s-061', '先輩と新入', 'ar-fujisawa', 'al-ost2', 20, NULL, 'S1/无职转生OST2 BD3同捆版&配信版 整合版/『無職転生 ～異世界行ったら本気だす～』 オリジナル・サウンドトラック 2/20.作戦会議.flac', 1784443819);
INSERT INTO songs (id, title, artist_id, album_id, track_number, duration, r2_key, created_at) VALUES ('s-062', 'ドルディア族', 'ar-fujisawa', 'al-ost2', 21, NULL, 'S1/无职转生OST2 BD3同捆版&配信版 整合版/『無職転生 ～異世界行ったら本気だす～』 オリジナル・サウンドトラック 2/21.笑顔の力.flac', 1784443819);
INSERT INTO songs (id, title, artist_id, album_id, track_number, duration, r2_key, created_at) VALUES ('s-063', '共闘', 'ar-fujisawa', 'al-ost2', 22, NULL, 'S1/无职转生OST2 BD3同捆版&配信版 整合版/『無職転生 ～異世界行ったら本気だす～』 オリジナル・サウンドトラック 2/22.快適な牢屋.flac', 1784443819);
INSERT INTO songs (id, title, artist_id, album_id, track_number, duration, r2_key, created_at) VALUES ('s-064', '再会', 'ar-fujisawa', 'al-ost2', 23, NULL, 'S1/无职转生OST2 BD3同捆版&配信版 整合版/『無職転生 ～異世界行ったら本気だす～』 オリジナル・サウンドトラック 2/23.先輩と新入.flac', 1784443819);
INSERT INTO songs (id, title, artist_id, album_id, track_number, duration, r2_key, created_at) VALUES ('s-065', '冒険者', 'ar-fujisawa', 'al-ost2', 24, NULL, 'S1/无职转生OST2 BD3同捆版&配信版 整合版/『無職転生 ～異世界行ったら本気だす～』 オリジナル・サウンドトラック 2/24.ドルディア族.flac', 1784443819);
INSERT INTO songs (id, title, artist_id, album_id, track_number, duration, r2_key, created_at) VALUES ('s-066', '慰め', 'ar-fujisawa', 'al-ost2', 25, NULL, 'S1/无职转生OST2 BD3同捆版&配信版 整合版/『無職転生 ～異世界行ったら本気だす～』 オリジナル・サウンドトラック 2/25.共闘.flac', 1784443819);
INSERT INTO songs (id, title, artist_id, album_id, track_number, duration, r2_key, created_at) VALUES ('s-067', '待ってる', 'ar-fujisawa', 'al-ost2', 26, NULL, 'S1/无职转生OST2 BD3同捆版&配信版 整合版/『無職転生 ～異世界行ったら本気だす～』 オリジナル・サウンドトラック 2/26.再会.flac', 1784443819);
INSERT INTO songs (id, title, artist_id, album_id, track_number, duration, r2_key, created_at) VALUES ('s-068', '神聖な世界', 'ar-fujisawa', 'al-ost2', 27, NULL, 'S1/无职转生OST2 BD3同捆版&配信版 整合版/『無職転生 ～異世界行ったら本気だす～』 オリジナル・サウンドトラック 2/27.冒険者.flac', 1784443819);
INSERT INTO songs (id, title, artist_id, album_id, track_number, duration, r2_key, created_at) VALUES ('s-069', 'シーローン王宮', 'ar-fujisawa', 'al-ost2', 28, NULL, 'S1/无职转生OST2 BD3同捆版&配信版 整合版/『無職転生 ～異世界行ったら本気だす～』 オリジナル・サウンドトラック 2/28.慰め.flac', 1784443819);
INSERT INTO songs (id, title, artist_id, album_id, track_number, duration, r2_key, created_at) VALUES ('s-070', '秘密の作戦', 'ar-fujisawa', 'al-ost2', 29, NULL, 'S1/无职转生OST2 BD3同捆版&配信版 整合版/『無職転生 ～異世界行ったら本気だす～』 オリジナル・サウンドトラック 2/29.待ってる.flac', 1784443819);
INSERT INTO songs (id, title, artist_id, album_id, track_number, duration, r2_key, created_at) VALUES ('s-071', 'まさか!?', 'ar-fujisawa', 'al-ost2', 30, NULL, 'S1/无职转生OST2 BD3同捆版&配信版 整合版/『無職転生 ～異世界行ったら本気だす～』 オリジナル・サウンドトラック 2/30.神聖な世界.flac', 1784443819);
INSERT INTO songs (id, title, artist_id, album_id, track_number, duration, r2_key, created_at) VALUES ('s-072', '旅人の唄 -EP17 Inst Ver.-', 'ar-fujisawa', 'al-ost2', 31, NULL, 'S1/无职转生OST2 BD3同捆版&配信版 整合版/『無職転生 ～異世界行ったら本気だす～』 オリジナル・サウンドトラック 2/31.シーローン王宮.flac', 1784443819);
INSERT INTO songs (id, title, artist_id, album_id, track_number, duration, r2_key, created_at) VALUES ('s-073', 'ロキシーへの想い', 'ar-fujisawa', 'al-ost2', 32, NULL, 'S1/无职转生OST2 BD3同捆版&配信版 整合版/『無職転生 ～異世界行ったら本気だす～』 オリジナル・サウンドトラック 2/32.秘密の作戦.flac', 1784443819);
INSERT INTO songs (id, title, artist_id, album_id, track_number, duration, r2_key, created_at) VALUES ('s-074', 'ザノバの力', 'ar-fujisawa', 'al-ost2', 33, NULL, 'S1/无职转生OST2 BD3同捆版&配信版 整合版/『無職転生 ～異世界行ったら本気だす～』 オリジナル・サウンドトラック 2/33.まさか!_.flac', 1784443819);
INSERT INTO songs (id, title, artist_id, album_id, track_number, duration, r2_key, created_at) VALUES ('s-075', '圧倒的力との遭遇', 'ar-fujisawa', 'al-ost2', 34, NULL, 'S1/无职转生OST2 BD3同捆版&配信版 整合版/『無職転生 ～異世界行ったら本気だす～』 オリジナル・サウンドトラック 2/34.旅人の唄 -EP17 Inst Ver.-.flac', 1784443819);
INSERT INTO songs (id, title, artist_id, album_id, track_number, duration, r2_key, created_at) VALUES ('s-076', 'ロキシーへの想い', 'ar-fujisawa', 'al-ost2', 35, NULL, 'S1/无职转生OST2 BD3同捆版&配信版 整合版/『無職転生 ～異世界行ったら本気だす～』 オリジナル・サウンドトラック 2/35.ロキシーへの想い.flac', 1784443819);
INSERT INTO songs (id, title, artist_id, album_id, track_number, duration, r2_key, created_at) VALUES ('s-077', 'ザノバの力', 'ar-fujisawa', 'al-ost2', 36, NULL, 'S1/无职转生OST2 BD3同捆版&配信版 整合版/『無職転生 ～異世界行ったら本気だす～』 オリジナル・サウンドトラック 2/36.ザノバの力.flac', 1784443819);
INSERT INTO songs (id, title, artist_id, album_id, track_number, duration, r2_key, created_at) VALUES ('s-078', '圧倒的力との遭遇', 'ar-fujisawa', 'al-ost2', 37, NULL, 'S1/无职转生OST2 BD3同捆版&配信版 整合版/『無職転生 ～異世界行ったら本気だす～』 オリジナル・サウンドトラック 2/37.圧倒的力との遭遇.flac', 1784443819);
INSERT INTO songs (id, title, artist_id, album_id, track_number, duration, r2_key, created_at) VALUES ('s-079', '冒険', 'ar-fujisawa', 'al-ost2', 101, NULL, 'S1/无职转生OST2 BD3同捆版&配信版 整合版/『無職転生 ～異世界行ったら本気だす～』 オリジナル・サウンドトラック 2/配信限定 01.冒険.flac', 1784443819);
INSERT INTO songs (id, title, artist_id, album_id, track_number, duration, r2_key, created_at) VALUES ('s-080', '思考', 'ar-fujisawa', 'al-ost2', 102, NULL, 'S1/无职转生OST2 BD3同捆版&配信版 整合版/『無職転生 ～異世界行ったら本気だす～』 オリジナル・サウンドトラック 2/配信限定 02.思考.flac', 1784443819);
INSERT INTO songs (id, title, artist_id, album_id, track_number, duration, r2_key, created_at) VALUES ('s-081', '駆け引き', 'ar-fujisawa', 'al-ost2', 103, NULL, 'S1/无职转生OST2 BD3同捆版&配信版 整合版/『無職転生 ～異世界行ったら本気だす～』 オリジナル・サウンドトラック 2/配信限定 03.駆け引き.flac', 1784443819);
INSERT INTO songs (id, title, artist_id, album_id, track_number, duration, r2_key, created_at) VALUES ('s-082', 'いたずら', 'ar-fujisawa', 'al-ost2', 104, NULL, 'S1/无职转生OST2 BD3同捆版&配信版 整合版/『無職転生 ～異世界行ったら本気だす～』 オリジナル・サウンドトラック 2/配信限定 04.いたずら.flac', 1784443819);
INSERT INTO songs (id, title, artist_id, album_id, track_number, duration, r2_key, created_at) VALUES ('s-083', 'まずい状況', 'ar-fujisawa', 'al-ost2', 105, NULL, 'S1/无职转生OST2 BD3同捆版&配信版 整合版/『無職転生 ～異世界行ったら本気だす～』 オリジナル・サウンドトラック 2/配信限定 05.まずい状況.flac', 1784443819);
INSERT INTO songs (id, title, artist_id, album_id, track_number, duration, r2_key, created_at) VALUES ('s-084', '魔力が集まる場所', 'ar-fujisawa', 'al-ost2', 106, NULL, 'S1/无职转生OST2 BD3同捆版&配信版 整合版/『無職転生 ～異世界行ったら本気だす～』 オリジナル・サウンドトラック 2/配信限定 06.魔力が集まる場所.flac', 1784443819);
INSERT INTO songs (id, title, artist_id, album_id, track_number, duration, r2_key, created_at) VALUES ('s-085', 'ルイジェルドの怒り', 'ar-fujisawa', 'al-ost2', 107, NULL, 'S1/无职转生OST2 BD3同捆版&配信版 整合版/『無職転生 ～異世界行ったら本気だす～』 オリジナル・サウンドトラック 2/配信限定 07.ルイジェルドの怒り.flac', 1784443819);
INSERT INTO songs (id, title, artist_id, album_id, track_number, duration, r2_key, created_at) VALUES ('s-086', '掌の上', 'ar-fujisawa', 'al-ost2', 108, NULL, 'S1/无职转生OST2 BD3同捆版&配信版 整合版/『無職転生 ～異世界行ったら本気だす～』 オリジナル・サウンドトラック 2/配信限定 08.掌の上.flac', 1784443819);
INSERT INTO songs (id, title, artist_id, album_id, track_number, duration, r2_key, created_at) VALUES ('s-087', 'トーナとエリスの別れ', 'ar-fujisawa', 'al-ost2', 109, NULL, 'S1/无职转生OST2 BD3同捆版&配信版 整合版/『無職転生 ～異世界行ったら本気だす～』 オリジナル・サウンドトラック 2/配信限定 09.トーナとエリスの別れ.flac', 1784443819);
INSERT INTO songs (id, title, artist_id, album_id, track_number, duration, r2_key, created_at) VALUES ('s-088', 'ミリス神聖国', 'ar-fujisawa', 'al-ost2', 110, NULL, 'S1/无职转生OST2 BD3同捆版&配信版 整合版/『無職転生 ～異世界行ったら本気だす～』 オリジナル・サウンドトラック 2/配信限定 10.ミリス神聖国.flac', 1784443819);

-- TVアニメ『無職転生~異世界行ったら本気だす~』Theme Song Collection
INSERT INTO songs (id, title, artist_id, album_id, track_number, duration, r2_key, created_at) VALUES ('s-089', '旅人の唄', 'ar-oohara', 'al-theme', 1, 264, 'S1/无职转生 Theme Song Collection - 大原ゆい子/TVアニメ『無職転生 ~異世界行ったら本気だす~』Theme Song Collection/01 旅人の唄.flac', 1784443819);
INSERT INTO songs (id, title, artist_id, album_id, track_number, duration, r2_key, created_at) VALUES ('s-090', '目覚めの唄', 'ar-oohara', 'al-theme', 2, 284, 'S1/无职转生 Theme Song Collection - 大原ゆい子/TVアニメ『無職転生 ~異世界行ったら本気だす~』Theme Song Collection/02 目覚めの唄.flac', 1784443819);
INSERT INTO songs (id, title, artist_id, album_id, track_number, duration, r2_key, created_at) VALUES ('s-091', '継承の唄', 'ar-oohara', 'al-theme', 3, 312, 'S1/无职转生 Theme Song Collection - 大原ゆい子/TVアニメ『無職転生 ~異世界行ったら本気だす~』Theme Song Collection/03 継承の唄.flac', 1784443819);
INSERT INTO songs (id, title, artist_id, album_id, track_number, duration, r2_key, created_at) VALUES ('s-092', '祈りの唄', 'ar-oohara', 'al-theme', 4, 269, 'S1/无职转生 Theme Song Collection - 大原ゆい子/TVアニメ『無職転生 ~異世界行ったら本気だす~』Theme Song Collection/04 祈りの唄.flac', 1784443819);
INSERT INTO songs (id, title, artist_id, album_id, track_number, duration, r2_key, created_at) VALUES ('s-093', '遠くの子守の唄', 'ar-oohara', 'al-theme', 5, 257, 'S1/无职转生 Theme Song Collection - 大原ゆい子/TVアニメ『無職転生 ~異世界行ったら本気だす~』Theme Song Collection/05 遠くの子守の唄.flac', 1784443819);
INSERT INTO songs (id, title, artist_id, album_id, track_number, duration, r2_key, created_at) VALUES ('s-094', '旅人の唄～帰郷～', 'ar-oohara', 'al-theme', 6, 283, 'S1/无职转生 Theme Song Collection - 大原ゆい子/TVアニメ『無職転生 ~異世界行ったら本気だす~』Theme Song Collection/06 旅人の唄 ～帰郷～.flac', 1784443819);
INSERT INTO songs (id, title, artist_id, album_id, track_number, duration, r2_key, created_at) VALUES ('s-095', 'オンリー', 'ar-oohara', 'al-theme', 7, 230, 'S1/无职转生 Theme Song Collection - 大原ゆい子/TVアニメ『無職転生 ~異世界行ったら本気だす~』Theme Song Collection/07 オンリー.flac', 1784443819);
INSERT INTO songs (id, title, artist_id, album_id, track_number, duration, r2_key, created_at) VALUES ('s-096', '風と行く道', 'ar-oohara', 'al-theme', 8, 300, 'S1/无职转生 Theme Song Collection - 大原ゆい子/TVアニメ『無職転生 ~異世界行ったら本気だす~』Theme Song Collection/08 風と行く道.flac', 1784443819);
